{
    "buy_slippage": 15,
    "sell_slippage": 19,
    "take_profit": 5,
    "stop_loss": 5,
    "risk_per_trade": 0.01,
    "priority_fee": 0.01,
    "price_change": 5,
    "volume_change": 8,
    "time_period": 1,
    "creation_time": 86400,
    "private_key": "4xfqebb94LPNDNuuM7zf7CVpjw3dMRZgvrrWY3AgZawedb52yu4QwH4pucx1E153gTBbc3jHgja5jDLU5uq8XpM5",
    "node_url": "https://green-cosmological-night.solana-mainnet.quiknode.pro/sfdsfdsfdfsdfsdfsdfsfsdfdsfdsfdsfdfsdf",
    "min_bonding_curve": 27,
    "max_bonding_curve": 70
}